{"post": {"exact": 0.13095238095238096, "cer": 0.4175453514739229}}