{"lut": {"exact": 0.14285714285714285, "cer": 0.29685374149659866}}