{"sft_light": {"exact": 0.03571428571428571, "cer": 0.6051587301587302, "steps": 900}}