{"sft_full": {"exact": 0.2857142857142857, "cer": 0.2765589569160998, "steps": 2500}}