{"post": {"exact": 0.32222222222222224, "cer": 0.2743033509700176}}