{"lut": {"exact": 0.5944444444444444, "cer": 0.11587742504409171}}