{"sft_light": {"exact": 0.26666666666666666, "cer": 0.26414902998236334, "steps": 1200}}