{"sft_full": {"exact": 0.5277777777777778, "cer": 0.23782407407407405, "steps": 3000}}