{"sft_light": {"exact": 0.16111111111111112, "cer": 0.36549603174603174, "steps": 1200}}