{"post": {"exact": 0.1388888888888889, "cer": 0.3650661375661376}}