{"lut": {"exact": 0.2777777777777778, "cer": 0.21940917107583774}}