{
 "done": {
  "0_clean_lut": 1,
  "0_clean_sft_light": 1,
  "0_clean_sft_full": 1,
  "1_clean_lut": 1,
  "1_clean_sft_light": 1,
  "1_clean_sft_full": 1,
  "0_clean_grpo": 1,
  "1_clean_grpo": 1,
  "2_clean_lut": 1,
  "2_clean_sft_light": 1,
  "2_clean_sft_full": 1,
  "2_clean_grpo": 1,
  "3_clean_lut": 1,
  "3_clean_sft_light": 1,
  "3_clean_sft_full": 1,
  "3_clean_grpo": 1,
  "4_clean_lut": 1,
  "4_clean_sft_light": 1,
  "4_clean_sft_full": 1,
  "0_noisy_lut": 1,
  "0_noisy_sft_light": 1,
  "4_clean_grpo": 1,
  "0_noisy_sft_full": 1,
  "1_noisy_lut": 1,
  "1_noisy_sft_light": 1,
  "1_noisy_sft_full": 1,
  "0_noisy_grpo": 1,
  "2_noisy_lut": 1,
  "2_noisy_sft_light": 1,
  "2_noisy_sft_full": 1,
  "1_noisy_grpo": 1,
  "3_noisy_lut": 1,
  "3_noisy_sft_light": 1,
  "2_noisy_grpo": 1,
  "3_noisy_sft_full": 1,
  "4_noisy_lut": 1,
  "4_noisy_sft_light": 1,
  "4_noisy_sft_full": 1,
  "3_noisy_grpo": 1,
  "4_noisy_grpo": 1
 },
 "results": {
  "0_clean_lut": {
   "exact": 0.6777777777777778,
   "cer": 0.09850308641975308
  },
  "0_clean_sft_light": {
   "exact": 0.35,
   "cer": 0.24344135802469136
  },
  "0_clean_sft_full": {
   "exact": 0.65,
   "cer": 0.10294091710758377
  },
  "1_clean_lut": {
   "exact": 0.6444444444444445,
   "cer": 0.09488536155202822
  },
  "1_clean_sft_light": {
   "exact": 0.37222222222222223,
   "cer": 0.22000220458553793
  },
  "1_clean_sft_full": {
   "exact": 0.5666666666666667,
   "cer": 0.10958333333333332
  },
  "0_clean_grpo": {
   "exact": 0.16666666666666666,
   "cer": 0.29696428571428574
  },
  "1_clean_grpo": {
   "exact": 0.34444444444444444,
   "cer": 0.2194179894179894
  },
  "2_clean_lut": {
   "exact": 0.65,
   "cer": 0.11188271604938271
  },
  "2_clean_sft_light": {
   "exact": 0.39444444444444443,
   "cer": 0.2226146384479718
  },
  "2_clean_sft_full": {
   "exact": 0.49444444444444446,
   "cer": 0.17813712522045855
  },
  "2_clean_grpo": {
   "exact": 0.22777777777777777,
   "cer": 0.3296604938271605
  },
  "3_clean_lut": {
   "exact": 0.5944444444444444,
   "cer": 0.11587742504409171
  },
  "3_clean_sft_light": {
   "exact": 0.2611111111111111,
   "cer": 0.3525352733686067
  },
  "3_clean_sft_full": {
   "exact": 0.45,
   "cer": 0.16065476190476188
  },
  "3_clean_grpo": {
   "exact": 0.26666666666666666,
   "cer": 0.26667107583774247
  },
  "4_clean_lut": {
   "exact": 0.5944444444444444,
   "cer": 0.1286243386243386
  },
  "4_clean_sft_light": {
   "exact": 0.35555555555555557,
   "cer": 0.271792328042328
  },
  "4_clean_sft_full": {
   "exact": 0.4388888888888889,
   "cer": 0.16716269841269843
  },
  "0_noisy_lut": {
   "exact": 0.3388888888888889,
   "cer": 0.20703924162257495
  },
  "0_noisy_sft_light": {
   "exact": 0.1388888888888889,
   "cer": 0.41071869488536156
  },
  "4_clean_grpo": {
   "exact": 0.3,
   "cer": 0.21964285714285714
  },
  "0_noisy_sft_full": {
   "exact": 0.2777777777777778,
   "cer": 0.3205467372134039
  },
  "1_noisy_lut": {
   "exact": 0.26666666666666666,
   "cer": 0.21675925925925926
  },
  "1_noisy_sft_light": {
   "exact": 0.16666666666666666,
   "cer": 0.35164021164021164
  },
  "1_noisy_sft_full": {
   "exact": 0.2,
   "cer": 0.30556437389770724
  },
  "0_noisy_grpo": {
   "exact": 0.1,
   "cer": 0.43281525573192237
  },
  "2_noisy_lut": {
   "exact": 0.2722222222222222,
   "cer": 0.23423500881834214
  },
  "2_noisy_sft_light": {
   "exact": 0.16111111111111112,
   "cer": 0.40932319223985886
  },
  "2_noisy_sft_full": {
   "exact": 0.2833333333333333,
   "cer": 0.27715388007054675
  },
  "1_noisy_grpo": {
   "exact": 0.14444444444444443,
   "cer": 0.354673721340388
  },
  "3_noisy_lut": {
   "exact": 0.2777777777777778,
   "cer": 0.21940917107583774
  },
  "3_noisy_sft_light": {
   "exact": 0.16666666666666666,
   "cer": 0.34473765432098763
  },
  "2_noisy_grpo": {
   "exact": 0.07222222222222222,
   "cer": 0.4726917989417989
  },
  "3_noisy_sft_full": {
   "exact": 0.2722222222222222,
   "cer": 0.2920943562610229
  },
  "4_noisy_lut": {
   "exact": 0.2777777777777778,
   "cer": 0.23293871252204584
  },
  "4_noisy_sft_light": {
   "exact": 0.12777777777777777,
   "cer": 0.39639770723104056
  },
  "4_noisy_sft_full": {
   "exact": 0.24444444444444444,
   "cer": 0.3123170194003527
  },
  "3_noisy_grpo": {
   "exact": 0.13333333333333333,
   "cer": 0.3922442680776014
  },
  "4_noisy_grpo": {
   "exact": 0.06666666666666667,
   "cer": 0.40822089947089946
  }
 }
}