{
  "clean": {
    "lookup": {
      "exact": 0.5944444444444444,
      "cer": 0.11587742504409171
    },
    "sft_light": {
      "exact": 0.26666666666666666,
      "cer": 0.26414902998236334,
      "steps": 1200
    },
    "sft_full": {
      "exact": 0.5277777777777778,
      "cer": 0.23782407407407405,
      "steps": 3000
    },
    "sft_grpo": {
      "exact": 0.32222222222222224,
      "cer": 0.2743033509700176
    }
  },
  "noisy": {
    "lookup": {
      "exact": 0.2777777777777778,
      "cer": 0.21940917107583774
    },
    "sft_light": {
      "exact": 0.16111111111111112,
      "cer": 0.36549603174603174,
      "steps": 1200
    },
    "sft_full": {
      "exact": 0.3,
      "cer": 0.26452821869488535,
      "steps": 3000
    },
    "sft_grpo": {
      "exact": 0.1388888888888889,
      "cer": 0.3650661375661376
    }
  },
  "input_corruption": 0.115,
  "corpus": "900 real Kazakh words (hermitdave kk_50k), rule-based T\u00f6te jazu"
}